{"count":1,"self":476.8617984,"total":788.3491778,"children":{"InitializeActuators":{"count":30,"self":0.0025082999999999998,"total":0.0025082999999999998,"children":null},"InitializeSensors":{"count":30,"self":0.0019995,"total":0.0019995,"children":null},"AgentSendState":{"count":73934,"self":9.9476383999999989,"total":14.636904,"children":{"CollectObservations":{"count":443610,"self":0.23087839999999998,"total":0.23087839999999998,"children":null},"WriteActionMask":{"count":443610,"self":0.3140904,"total":0.3140904,"children":null},"RequestDecision":{"count":443610,"self":1.0052071,"total":4.1442968,"children":{"AgentInfo.ToProto":{"count":443610,"self":0.83166679999999993,"total":3.1390897,"children":{"GenerateSensorData":{"count":443610,"self":1.7591928,"total":2.3074228999999997,"children":{"RayPerceptionSensor.Perceive":{"count":443610,"self":0.54823,"total":0.54823,"children":null}}}}}}}}},"DecideAction":{"count":73934,"self":290.08171519999996,"total":290.0817236,"children":null},"AgentAct":{"count":73934,"self":6.6221324,"total":6.7627863999999995,"children":{"AgentInfo.ToProto":{"count":7780,"self":0.0550079,"total":0.1406539,"children":{"GenerateSensorData":{"count":7780,"self":0.07742629999999999,"total":0.085646,"children":{"RayPerceptionSensor.Perceive":{"count":7780,"self":0.0082197,"total":0.0082197,"children":null}}}}}}}},"gauges":{"My Behavior.CumulativeReward":{"count":7780,"max":20.79061,"min":-18.9599762,"runningAverage":-7.84028149,"value":-7.98000145,"weightedAverage":-6.144334}},"metadata":{"timer_format_version":"0.1.0","start_time_seconds":"1685374078","unity_version":"2021.3.25f1","command_line_arguments":"C:\\Program Files\\Unity\\Hub\\Editor\\2021.3.25f1\\Editor\\Unity.exe -projectpath C:\\Users\\franz\\RiderProjects\\ReinforcementSurfers -useHub -hubIPC -cloudEnvironment production","communication_protocol_version":"1.5.0","com.unity.ml-agents_version":"2.3.0-exp.3","scene_name":"MainScene","end_time_seconds":"1685374866"}}