{"count":1,"self":34.8653504,"total":35.622836,"children":{"InitializeActuators":{"count":1,"self":0.0018219999999999998,"total":0.0018219999999999998,"children":null},"InitializeSensors":{"count":1,"self":0.014133,"total":0.014133,"children":null},"AgentSendState":{"count":1736,"self":0.055795,"total":0.11248799999999999,"children":{"CollectObservations":{"count":174,"self":0.00094299999999999994,"total":0.00094299999999999994,"children":null},"WriteActionMask":{"count":174,"self":0.000741,"total":0.000741,"children":null},"RequestDecision":{"count":174,"self":0.055008999999999995,"total":0.055008999999999995,"children":null}}},"DecideAction":{"count":1725,"self":0.62214099999999994,"total":0.62214099999999994,"children":null},"AgentAct":{"count":1725,"self":0.0058369999999999993,"total":0.0058369999999999993,"children":null}},"gauges":{},"metadata":{"timer_format_version":"0.1.0","start_time_seconds":"1686656729","unity_version":"2021.3.25f1","command_line_arguments":"\/home\/exarlae\/Unity\/Hub\/Editor\/2021.3.25f1\/Editor\/Unity -projectpath \/home\/exarlae\/Documents\/Studium\/DPRL\/ReinforcementSurfers -useHub -hubIPC -cloudEnvironment production","communication_protocol_version":"1.5.0","com.unity.ml-agents_version":"2.3.0-exp.3","scene_name":"SingleScene","end_time_seconds":"1686656764"}}