{"count":1,"self":9.4973552,"total":9.7807829,"children":{"InitializeActuators":{"count":30,"self":0.0010004,"total":0.0010004,"children":null},"InitializeSensors":{"count":30,"self":0.0029993999999999997,"total":0.0029993999999999997,"children":null},"AgentSendState":{"count":111,"self":0.0530589,"total":0.1595346,"children":{"CollectObservations":{"count":690,"self":0.00099969999999999985,"total":0.00099969999999999985,"children":null},"WriteActionMask":{"count":690,"self":0.0019990999999999997,"total":0.0019990999999999997,"children":null},"RequestDecision":{"count":690,"self":0.10247679999999999,"total":0.1034769,"children":{"RayPerceptionSensor.Perceive":{"count":1380,"self":0.0010000999999999999,"total":0.0010000999999999999,"children":null}}}}},"DecideAction":{"count":111,"self":0.10686559999999999,"total":0.10686559999999999,"children":null},"AgentAct":{"count":111,"self":0.013028,"total":0.013028,"children":{"RayPerceptionSensor.Perceive":{"count":2,"self":0,"total":0,"children":null}}}},"gauges":{"My Behavior.CumulativeReward":{"count":1,"max":-13.6399984,"min":-13.6399984,"runningAverage":-13.6399984,"value":-13.6399984,"weightedAverage":-13.6399984}},"metadata":{"timer_format_version":"0.1.0","start_time_seconds":"1686498717","unity_version":"2021.3.25f1","command_line_arguments":"D:\\Unity Hub\\2021.3.25f1\\Editor\\Unity.exe -projectpath D:\\Unity_Projects\\ReinforcementSurfers -useHub -hubIPC -cloudEnvironment production","communication_protocol_version":"1.5.0","com.unity.ml-agents_version":"2.3.0-exp.3","scene_name":"TestingScene","end_time_seconds":"1686498726"}}