{"count":1,"self":2029.0379776,"total":3518.4180007,"children":{"InitializeActuators":{"count":30,"self":0.0015008999999999999,"total":0.0015008999999999999,"children":null},"InitializeSensors":{"count":30,"self":0.0019992,"total":0.0019992,"children":null},"AgentSendState":{"count":333451,"self":93.5922176,"total":126.20942629999999,"children":{"CollectObservations":{"count":2000730,"self":1.3538921,"total":1.3538921,"children":null},"WriteActionMask":{"count":2000730,"self":1.3494381,"total":1.3494381,"children":null},"RequestDecision":{"count":2000730,"self":4.4958688,"total":29.9138761,"children":{"AgentInfo.ToProto":{"count":2000730,"self":3.6596632,"total":25.4180074,"children":{"GenerateSensorData":{"count":2000730,"self":14.37952,"total":21.7583444,"children":{"RayPerceptionSensor.Perceive":{"count":4001460,"self":7.378824,"total":7.3788237999999993,"children":null}}}}}}}}},"DecideAction":{"count":333451,"self":1332.9482752,"total":1332.9482865999998,"children":null},"AgentAct":{"count":333451,"self":29.251900799999998,"total":30.2182182,"children":{"AgentInfo.ToProto":{"count":43411,"self":0.2114558,"total":0.9663176,"children":{"GenerateSensorData":{"count":43411,"self":0.5675679,"total":0.75486179999999992,"children":{"RayPerceptionSensor.Perceive":{"count":86822,"self":0.18729389999999999,"total":0.18729389999999999,"children":null}}}}}}}},"gauges":{"My Behavior.CumulativeReward":{"count":43411,"max":22.1602135,"min":-25.4699287,"runningAverage":-9.949194,"value":-8.570002,"weightedAverage":-8.656055}},"metadata":{"timer_format_version":"0.1.0","start_time_seconds":"1686316061","unity_version":"2021.3.25f1","command_line_arguments":"P:\\Program Files\\Unity\\Hub\\Editor\\2021.3.25f1\\Editor\\Unity.exe -projectpath S:\\Workspace\\Unity\\ReinforcementSurfers -useHub -hubIPC -cloudEnvironment production","communication_protocol_version":"1.5.0","com.unity.ml-agents_version":"2.3.0-exp.3","scene_name":"TrainingScene","end_time_seconds":"1686319580"}}