{"count":1,"self":1726.7718143999998,"total":3832.2460008,"children":{"InitializeActuators":{"count":30,"self":0.0024998999999999998,"total":0.0024998999999999998,"children":null},"InitializeSensors":{"count":30,"self":0.0025014,"total":0.0025014,"children":null},"AgentSendState":{"count":333395,"self":87.0020416,"total":122.94891799999999,"children":{"CollectObservations":{"count":2000370,"self":1.4857126999999999,"total":1.4857126999999999,"children":null},"WriteActionMask":{"count":2000370,"self":1.3660132999999999,"total":1.3660132999999999,"children":null},"RequestDecision":{"count":2000370,"self":4.843452,"total":33.0951485,"children":{"AgentInfo.ToProto":{"count":2000370,"self":3.6922664,"total":28.2516964,"children":{"GenerateSensorData":{"count":2000370,"self":17.1787216,"total":24.5594301,"children":{"RayPerceptionSensor.Perceive":{"count":4000740,"self":7.3807088,"total":7.3807088,"children":null}}}}}}}}},"DecideAction":{"count":333395,"self":1877.6213504,"total":1877.6213751999999,"children":null},"AgentAct":{"count":333395,"self":101.7095488,"total":104.8979002,"children":{"AgentInfo.ToProto":{"count":152028,"self":0.54704049999999993,"total":3.1883513,"children":{"GenerateSensorData":{"count":152028,"self":1.9659284,"total":2.6413108,"children":{"RayPerceptionSensor.Perceive":{"count":304056,"self":0.6753823,"total":0.6753823,"children":null}}}}}}}},"gauges":{"My Behavior.CumulativeReward":{"count":152028,"max":2.230002,"min":-3.91800737,"runningAverage":-2.36649442,"value":-2.909997,"weightedAverage":-2.533722}},"metadata":{"timer_format_version":"0.1.0","start_time_seconds":"1686495016","unity_version":"2021.3.25f1","command_line_arguments":"P:\\Program Files\\Unity\\Hub\\Editor\\2021.3.25f1\\Editor\\Unity.exe -projectpath S:\\Workspace\\Unity\\ReinforcementSurfers -useHub -hubIPC -cloudEnvironment production","communication_protocol_version":"1.5.0","com.unity.ml-agents_version":"2.3.0-exp.3","scene_name":"TrainingScene","end_time_seconds":"1686498848"}}