{"count":1,"self":71.2179968,"total":71.3654981,"children":{"InitializeActuators":{"count":30,"self":0.0015029,"total":0.0015029,"children":null},"InitializeSensors":{"count":30,"self":0.014000499999999999,"total":0.014000499999999999,"children":null},"AgentSendState":{"count":16,"self":0.016498199999999998,"total":0.0404988,"children":{"CollectObservations":{"count":120,"self":0.00050179999999999995,"total":0.00050179999999999995,"children":null},"WriteActionMask":{"count":120,"self":0.0005013,"total":0.0005013,"children":null},"RequestDecision":{"count":120,"self":0.0084978,"total":0.0229975,"children":{"AgentInfo.ToProto":{"count":120,"self":0.0009989,"total":0.014499699999999999,"children":{"GenerateSensorData":{"count":120,"self":0.013500799999999999,"total":0.013500799999999999,"children":null}}}}}}},"DecideAction":{"count":16,"self":0.0895002,"total":0.0895002,"children":null},"AgentAct":{"count":16,"self":0.0010000999999999999,"total":0.0010000999999999999,"children":null}},"gauges":{},"metadata":{"timer_format_version":"0.1.0","start_time_seconds":"1686513167","unity_version":"2021.3.25f1","command_line_arguments":"P:\\Program Files\\Unity\\Hub\\Editor\\2021.3.25f1\\Editor\\Unity.exe -projectpath S:\\Workspace\\Unity\\ReinforcementSurfers -useHub -hubIPC -cloudEnvironment production","communication_protocol_version":"1.5.0","com.unity.ml-agents_version":"2.3.0-exp.3","scene_name":"TrainingScene","end_time_seconds":"1686513238"}}