{"count":1,"self":16818.6871808,"total":32271.020621099997,"children":{"InitializeActuators":{"count":30,"self":0.001,"total":0.001,"children":null},"InitializeSensors":{"count":30,"self":0.0150034,"total":0.0150034,"children":null},"AgentSendState":{"count":3333566,"self":1291.8432768,"total":2016.3927703,"children":{"CollectObservations":{"count":10000710,"self":18.5529184,"total":18.5529191,"children":null},"WriteActionMask":{"count":10000710,"self":8.8349424,"total":8.8349426,"children":null},"RequestDecision":{"count":10000710,"self":30.684182399999997,"total":697.1616253,"children":{"AgentInfo.ToProto":{"count":10000710,"self":28.860787199999997,"total":666.4774433,"children":{"GenerateSensorData":{"count":10000710,"self":637.61664,"total":637.61665529999993,"children":null}}}}}}},"DecideAction":{"count":3113209,"self":13264.8517632,"total":13264.852111999999,"children":null},"AgentAct":{"count":3113209,"self":150.6003328,"total":171.0719107,"children":{"AgentInfo.ToProto":{"count":225183,"self":1.1128974,"total":20.4715785,"children":{"GenerateSensorData":{"count":225183,"self":19.3586816,"total":19.3586811,"children":null}}}}}},"gauges":{"My Behavior.CumulativeReward":{"count":225183,"max":35.3279076,"min":-2.999,"runningAverage":0.540827036,"value":5.847998,"weightedAverage":2.94319224}},"metadata":{"timer_format_version":"0.1.0","start_time_seconds":"1688892637","unity_version":"2021.3.25f1","command_line_arguments":"P:\\Program Files\\Unity\\Hub\\Editor\\2021.3.25f1\\Editor\\Unity.exe -projectpath S:\\Workspace\\Unity\\ReinforcementSurfers -useHub -hubIPC -cloudEnvironment production","communication_protocol_version":"1.5.0","com.unity.ml-agents_version":"2.3.0-exp.3","scene_name":"TrainingScene","end_time_seconds":"1688924908"}}