{"count":1,"self":151.353536,"total":395.1485011,"children":{"InitializeActuators":{"count":30,"self":0.0024998999999999998,"total":0.0024998999999999998,"children":null},"InitializeSensors":{"count":30,"self":0.0204945,"total":0.0204945,"children":null},"AgentSendState":{"count":45666,"self":15.475868799999999,"total":25.6172209,"children":{"CollectObservations":{"count":137010,"self":0.2395298,"total":0.2395298,"children":null},"WriteActionMask":{"count":137010,"self":0.13002339999999998,"total":0.13002339999999998,"children":null},"RequestDecision":{"count":137010,"self":0.42582559999999997,"total":9.7717986,"children":{"AgentInfo.ToProto":{"count":137010,"self":0.41116569999999997,"total":9.345972999999999,"children":{"GenerateSensorData":{"count":137010,"self":8.9348072,"total":8.9348073,"children":null}}}}}}},"DecideAction":{"count":45666,"self":213.33720319999998,"total":213.33720309999998,"children":null},"AgentAct":{"count":45666,"self":4.0799172,"total":4.8160418,"children":{"AgentInfo.ToProto":{"count":8074,"self":0.0391967,"total":0.7361245,"children":{"GenerateSensorData":{"count":8074,"self":0.6969278,"total":0.6969278,"children":null}}}}}},"gauges":{"My Behavior.CumulativeReward":{"count":8074,"max":2.624999,"min":-1,"runningAverage":-0.882555544,"value":-0.992,"weightedAverage":-0.9356365}},"metadata":{"timer_format_version":"0.1.0","start_time_seconds":"1688944430","unity_version":"2021.3.25f1","command_line_arguments":"P:\\Program Files\\Unity\\Hub\\Editor\\2021.3.25f1\\Editor\\Unity.exe -projectpath S:\\Workspace\\Unity\\ReinforcementSurfers -useHub -hubIPC -cloudEnvironment production","communication_protocol_version":"1.5.0","com.unity.ml-agents_version":"2.3.0-exp.3","scene_name":"TrainingScene","end_time_seconds":"1688944826"}}