{"count":1,"self":530.6080256,"total":906.0994329,"children":{"InitializeActuators":{"count":30,"self":0.0019998999999999998,"total":0.0019998999999999998,"children":null},"InitializeSensors":{"count":30,"self":0.0019982999999999997,"total":0.0019982999999999997,"children":null},"AgentSendState":{"count":70447,"self":24.225267199999998,"total":32.9050582,"children":{"CollectObservations":{"count":422700,"self":0.36329079999999997,"total":0.36329079999999997,"children":null},"WriteActionMask":{"count":422700,"self":0.4131514,"total":0.4131514,"children":null},"RequestDecision":{"count":422700,"self":1.256348,"total":7.9033485,"children":{"AgentInfo.ToProto":{"count":422700,"self":1.0332919999999999,"total":6.6470005,"children":{"GenerateSensorData":{"count":422700,"self":3.9075471999999998,"total":5.6137084999999995,"children":{"RayPerceptionSensor.Perceive":{"count":845400,"self":1.7061613999999998,"total":1.7061613999999998,"children":null}}}}}}}}},"DecideAction":{"count":70447,"self":334.088192,"total":334.0882021,"children":null},"AgentAct":{"count":70447,"self":8.2605615999999991,"total":8.4941256,"children":{"AgentInfo.ToProto":{"count":9348,"self":0.0670533,"total":0.2335643,"children":{"GenerateSensorData":{"count":9348,"self":0.1325122,"total":0.166511,"children":{"RayPerceptionSensor.Perceive":{"count":18696,"self":0.033998799999999996,"total":0.033998799999999996,"children":null}}}}}}}},"gauges":{"My Behavior.CumulativeReward":{"count":9348,"max":22.1200523,"min":-20.9399757,"runningAverage":-9.317939,"value":-8.660002,"weightedAverage":-8.83913}},"metadata":{"timer_format_version":"0.1.0","start_time_seconds":"1686002430","unity_version":"2021.3.25f1","command_line_arguments":"D:\\Unity Hub\\2021.3.25f1\\Editor\\Unity.exe -projectpath D:\\Unity_Projects\\ReinforcementSurfers -useHub -hubIPC -cloudEnvironment production","communication_protocol_version":"1.5.0","com.unity.ml-agents_version":"2.3.0-exp.3","scene_name":"TrainingScene","end_time_seconds":"1686003336"}}